[
  {
    "tag": "html",
    "classes": "",
    "text": "Kontakter\nDaniel Källberg\ndaniel.kallberg@mac.com\n",
    "bbox": {
      "x": 0.0,
      "y": 0.0,
      "width": 1366.0,
      "height": 699.0
    }
  },
  {
    "tag": "head",
    "classes": "",
    "text": "",
    "bbox": {
      "x": 0.0,
      "y": 0.0,
      "width": 0.0,
      "height": 0.0
    }
  },
  {
    "tag": "script",
    "classes": "",
    "text": "",
    "bbox": {
      "x": 0.0,
      "y": 0.0,
      "width": 0.0,
      "height": 0.0
    }
  },
  {
    "tag": "script",
    "classes": "",
    "text": "",
    "bbox": {
      "x": 0.0,
      "y": 0.0,
      "width": 0.0,
      "height": 0.0
    }
  },
  {
    "tag": "meta",
    "classes": "",
    "text": "",
    "bbox": {
      "x": 0.0,
      "y": 0.0,
      "width": 0.0,
      "height": 0.0
    }
  },
  {
    "tag": "title",
    "classes": "",
    "text": "",
    "bbox": {
      "x": 0.0,
      "y": 0.0,
      "width": 0.0,
      "height": 0.0
    }
  },
  {
    "tag": "meta",
    "classes": "",
    "text": "",
    "bbox": {
      "x": 0.0,
      "y": 0.0,
      "width": 0.0,
      "height": 0.0
    }
  },
  {
    "tag": "style",
    "classes": "",
    "text": "",
    "bbox": {
      "x": 0.0,
      "y": 0.0,
      "width": 0.0,
      "height": 0.0
    }
  },
  {
    "tag": "body",
    "classes": "bg-gray-100 text-gray-900",
    "text": "Kontakter\nDaniel Källberg\ndaniel.kallberg@mac.com\n",
    "bbox": {
      "x": 8.0,
      "y": 8.0,
      "width": 1350.0,
      "height": 683.0
    }
  },
  {
    "tag": "div",
    "classes": "",
    "text": "Kontakter\nDaniel Källberg\ndaniel.kallberg@mac.com\n",
    "bbox": {
      "x": 8.0,
      "y": 8.0,
      "width": 1350.0,
      "height": 683.0
    }
  },
  {
    "tag": "div",
    "classes": "flex min-h-screen bg-[#f9f9f9] text-gray-900",
    "text": "Kontakter\nDaniel Källberg\ndaniel.kallberg@mac.com\n",
    "bbox": {
      "x": 8.0,
      "y": 8.0,
      "width": 1350.0,
      "height": 683.0
    }
  },
  {
    "tag": "aside",
    "classes": "w-20 bg-white border-r flex flex-col items-center py-4 shadow-sm",
    "text": "",
    "bbox": {
      "x": 8.0,
      "y": 8.0,
      "width": 37.0,
      "height": 683.0
    }
  },
  {
    "tag": "div",
    "classes": "w-10 h-10 bg-gray-300 rounded-full mb-6",
    "text": "",
    "bbox": {
      "x": 26.0,
      "y": 8.0,
      "width": 0.0,
      "height": 0.0
    }
  },
  {
    "tag": "nav",
    "classes": "space-y-6",
    "text": "",
    "bbox": {
      "x": 8.0,
      "y": 8.0,
      "width": 36.0,
      "height": 20.0
    }
  },
  {
    "tag": "button",
    "classes": "w-8 h-8 bg-blue-500 rounded-full",
    "text": "",
    "bbox": {
      "x": 8.0,
      "y": 21.0,
      "width": 12.0,
      "height": 6.0
    }
  },
  {
    "tag": "button",
    "classes": "w-8 h-8 bg-gray-300 rounded-full",
    "text": "",
    "bbox": {
      "x": 20.0,
      "y": 21.0,
      "width": 12.0,
      "height": 6.0
    }
  },
  {
    "tag": "button",
    "classes": "w-8 h-8 bg-gray-300 rounded-full",
    "text": "",
    "bbox": {
      "x": 32.0,
      "y": 21.0,
      "width": 12.0,
      "height": 6.0
    }
  },
  {
    "tag": "main",
    "classes": "flex-1 flex",
    "text": "Kontakter\nDaniel Källberg\ndaniel.kallberg@mac.com\n",
    "bbox": {
      "x": 45.0,
      "y": 8.0,
      "width": 1313.0,
      "height": 683.0
    }
  },
  {
    "tag": "div",
    "classes": "p-6 flex flex-col lg:flex-row gap-6",
    "text": "Kontakter\nDaniel Källberg\ndaniel.kallberg@mac.com\n",
    "bbox": {
      "x": 45.0,
      "y": 8.0,
      "width": 185.6999969482422,
      "height": 683.0
    }
  },
  {
    "tag": "div",
    "classes": "flex-1",
    "text": "Kontakter\nDaniel Källberg\ndaniel.kallberg@mac.com\n",
    "bbox": {
      "x": 45.0,
      "y": 8.0,
      "width": 185.6999969482422,
      "height": 683.0
    }
  },
  {
    "tag": "div",
    "classes": "flex justify-between items-center mb-4",
    "text": "Kontakter",
    "bbox": {
      "x": 45.0,
      "y": 8.0,
      "width": 185.6999969482422,
      "height": 80.86666870117188
    }
  },
  {
    "tag": "h1",
    "classes": "text-2xl font-bold",
    "text": "Kontakter",
    "bbox": {
      "x": 45.0,
      "y": 29.433334350585938,
      "width": 146.6666717529297,
      "height": 38.0
    }
  },
  {
    "tag": "div",
    "classes": "grid gap-4 grid-cols-1 md:grid-cols-2",
    "text": "Daniel Källberg\ndaniel.kallberg@mac.com\nFöretag: T",
    "bbox": {
      "x": 45.0,
      "y": 88.86666870117188,
      "width": 185.6999969482422,
      "height": 177.8333282470703
    }
  },
  {
    "tag": "div",
    "classes": "mac-card cursor-pointer ",
    "text": "Daniel Källberg\ndaniel.kallberg@mac.com\nFöretag: T",
    "bbox": {
      "x": 45.0,
      "y": 88.86666870117188,
      "width": 185.6999969482422,
      "height": 177.8333282470703
    }
  },
  {
    "tag": "h2",
    "classes": "text-lg font-bold mb-1",
    "text": "Daniel Källberg",
    "bbox": {
      "x": 45.0,
      "y": 108.78334045410156,
      "width": 185.6999969482422,
      "height": 30.0
    }
  },
  {
    "tag": "p",
    "classes": "text-sm text-gray-600",
    "text": "daniel.kallberg@mac.com",
    "bbox": {
      "x": 45.0,
      "y": 158.6999969482422,
      "width": 185.6999969482422,
      "height": 20.0
    }
  },
  {
    "tag": "p",
    "classes": "text-sm text-gray-700",
    "text": "Företag: Test AB",
    "bbox": {
      "x": 45.0,
      "y": 194.6999969482422,
      "width": 185.6999969482422,
      "height": 20.0
    }
  },
  {
    "tag": "p",
    "classes": "text-sm text-gray-700",
    "text": "Bokningar: 1",
    "bbox": {
      "x": 45.0,
      "y": 230.6999969482422,
      "width": 185.6999969482422,
      "height": 20.0
    }
  },
  {
    "tag": "aside",
    "classes": "hidden lg:block mac-panel w-[26rem]",
    "text": "",
    "bbox": {
      "x": 0.0,
      "y": 0.0,
      "width": 0.0,
      "height": 0.0
    }
  },
  {
    "tag": "p",
    "classes": "text-gray-400",
    "text": "",
    "bbox": {
      "x": 0.0,
      "y": 0.0,
      "width": 0.0,
      "height": 0.0
    }
  },
  {
    "tag": "script",
    "classes": "",
    "text": "",
    "bbox": {
      "x": 0.0,
      "y": 0.0,
      "width": 0.0,
      "height": 0.0
    }
  }
]