[
  {
    "change_id": "ca5b87e5-5655-48de-85f5-3008ece00700",
    "table": "contact",
    "operation": "UPDATE",
    "data": {
      "id": "298c095b-e866-443f-858a-b5316df2b47f",
      "metadata": {
        "last_name": "Tällberg",
        "first_name": "Daniel"
      },
      "created_at": "2025-04-23T17:12:02.554503+02:00",
      "booking_email": "daniel@anynode.se"
    }
  },
  {
    "change_id": "0dde75ee-b07e-46fd-9171-7d32f9e21465",
    "table": "contact",
    "operation": "UPDATE",
    "data": {
      "id": "298c095b-e866-443f-858a-b5316df2b47f",
      "metadata": {
        "last_name": "Källberg",
        "first_name": "Daniel"
      },
      "created_at": "2025-04-23T17:12:02.554503+02:00",
      "booking_email": "daniel@anynode.se"
    }
  }
]